filename;title;authors;category
ICDAR2024_proceedings_pdfs/0004.pdf;SAGHOG: Self-Supervised Autoencoder for Generating HOG Features for Writer Retrieval;Marco Peer, Florian Kleber and Robert Sablatnig;Optical Character Recognition
ICDAR2024_proceedings_pdfs/0007.pdf;Binarizing Documents by Leveraging both Space and Frequency;Fabio Quattrini, Vittorio Pippi, Silvia Cascianelli and Rita Cucchiara;Optical Character Recognition
ICDAR2024_proceedings_pdfs/0013.pdf;Revisiting N-Gram Models: Their Impact in Modern Neural Networks for Handwritten Text Recognition;Solene Tarride and Christopher Kermorvant;Optical Character Recognition
ICDAR2024_proceedings_pdfs/0016.pdf;A Real-Time Scene Uyghur Text Detection Network Based on Feature Complementation;Mayire Ibrayim, Mengmeng Chen, Askar Hamdulla, Jianjun Kang and Chunhu Zhang;Optical Character Recognition
ICDAR2024_proceedings_pdfs/0018.pdf;A Multiclass Imbalanced Dataset Classification of Symbols from Piping and Instrumentation Diagrams ⋆;Laura Jamieson, Carlos Francisco Moreno Garca and Eyad Elyan;Datasets
ICDAR2024_proceedings_pdfs/0019.pdf;Light-Weight Multi-Modality Feature Fusion Network for Visually-Rich Document Understanding;Jeff Yang, Huynh Vu The and Hai Luu Tuan;Key Information Extraction
ICDAR2024_proceedings_pdfs/0020.pdf;Improving Automatic Text Recognition with Language Models in the PyLaia Open-Source Library;Solene Tarride, Yoann Schneider, Marie Generali Lince, Melodie Boillet, Bastien Abadie and Christopher Kermorvant;Optical Character Recognition
ICDAR2024_proceedings_pdfs/0022.pdf;CREPE: Coordinate-Aware End-to-End Document Parser;Yamato Okamoto, Youngmin Baek, Geewook Kim, Ryota Nakao, Dong Hyun Kim, Moon Bin Yim, Seunghyun Park and Bado Lee;Document Layout Understanding
ICDAR2024_proceedings_pdfs/0025.pdf;A Hybrid Approach for Document Layout Analysis in Document images;Tahira Shehzadi, Didier Stricker and Muhammad Zeshan Afzal;Document Layout Understanding
ICDAR2024_proceedings_pdfs/0027.pdf;Towards End-to-End Semi-Supervised Table Detection with Semantic Aligned Matching Transformer;Tahira Shehzadi, Shalini Sarode, Didier Stricker and Muhammad Zeshan Afzal;Key Information Extraction
ICDAR2024_proceedings_pdfs/0030.pdf;Visual Prompt Learning for Chinese Handwriting Recognition;Gang Yao, Ning Ding, Tianqi Zhao, Kemeng Zhao, Pei Tang, Yao Tao and Liangrui Peng;Optical Character Recognition
ICDAR2024_proceedings_pdfs/0031.pdf;Geometric-awareControlinDiffusionModelfor HandwrittenChineseFontGeneration;Gang Yao, Kemeng Zhao, Chengyu Deng, Ning Ding, Tianqi Zhao, Yao Tao and Liangrui Peng;Optical Character Recognition
ICDAR2024_proceedings_pdfs/0032.pdf;AltChart: Enhancing VLM-based Chart Summarization Through Multi-Pretext Tasks;Omar Moured, Jiaming Zhang, MSaquib Sarfraz and Rainer Stiefelhagen;Key Information Extraction
ICDAR2024_proceedings_pdfs/0034.pdf;Mining and Analyzing Statistical Information from Untranscribed Form Images;Jose Andres, Alejandro H Toselli and Enrique Vidal;Key Information Extraction
ICDAR2024_proceedings_pdfs/0036.pdf;A Historical Handwritten Dataset for Ethiopic OCR with Baseline Models and Human-level Performance;Birhanu Hailu Belay, Isabelle Guyon, Tadele Mengiste, Bezawork Tilahun, Marcus Liwicki, Tesfa Tegegne and Romain Egele;Optical Character Recognition
ICDAR2024_proceedings_pdfs/0037.pdf;Drawing the Line: Deep Segmentation for Extracting Art from Ancient Etruscan Mirrors ⋆;Rafael Sterzinger, Simon Brenner and Robert Sablatnig;Optical Character Recognition
ICDAR2024_proceedings_pdfs/0038.pdf;Self-supervised Pre-training of Text Recognizers;Martin Kiss and Michal Hradis;Optical Character Recognition
ICDAR2024_proceedings_pdfs/0042.pdf;LMTextSpotter: Towards Better Scene Text Spotting with Language Modeling in Transformer;Xin Xia, Guodong Ding and Siyuan Li;Optical Character Recognition
ICDAR2024_proceedings_pdfs/0043.pdf;Dynamic Relation Transformer for Contextual Text Block Detection;Jiawei Wang, Shunchi Zhang, Kai Hu, Chixiang Ma, Zhuoyao Zhong, Lei Sun and Qiang Huo;Document Layout Understanding
ICDAR2024_proceedings_pdfs/0044.pdf;DLAFormer: An End-to-End Transformer For Document Layout Analysis;Jiawei Wang, Kai Hu and Qiang Huo;Document Layout Understanding
ICDAR2024_proceedings_pdfs/0045.pdf;UniVIE: A Unified Label Space Approach to Visual Information Extraction from Form-like Documents;Kai Hu, Jiawei Wang, Weihong Lin, Zhuoyao Zhong, Lei Sun and Qiang Huo;Key Information Extraction
ICDAR2024_proceedings_pdfs/0046.pdf;The Socface Project: Large-Scale Collection, Processing, and Analysis of a Century of French Censuses;Melodie Boillet, Solene Tarride, Yoann Schneider, Bastien Abadie, Lionel Kesztenbaum and Christopher Kermorvant;Tables
ICDAR2024_proceedings_pdfs/0047.pdf;Weakly Supervised Training for Hologram Verification in Identity Documents;Glen Pouliquen, Guillaume Chiron, Joseph Chazalon, Thierry Geraud and Ahmad Montaser Awal;Optical Character Recognition
ICDAR2024_proceedings_pdfs/0049.pdf;Synthesizing Realistic Data for Table Recognition;Qiyu Hou, Jun Wang Meixuan Qiao and Lujun Tian;Tables
ICDAR2024_proceedings_pdfs/0050.pdf;GDP: Generic Document Pretraining to Improve Document Understanding;Akkshita Trivedi, Akarsh Upadhyay, Rudrabha Mukhopadhyay and Santanu Chaudhury;Others
ICDAR2024_proceedings_pdfs/0051.pdf;Source-Free Domain Adaptation for Optical Music Recognition;Adrin Rosell, Eliseo Fuentes Martnez, Mara Alfaro Contreras, David Rizo and Jorge Calvo Zaragoza;Optical Character Recognition
ICDAR2024_proceedings_pdfs/0054.pdf;A region-based approach for layout analysis of music score images in scarce data scenarios;Francisco JCastellanos, Juan P Martinez Esteso, Alejandro Galn Cuenca and Antonio Javier Gallego;Optical Character Recognition
ICDAR2024_proceedings_pdfs/0055.pdf;End to End Table Transformer;Yun Young Choi Taehoon Kim, Namwook Kim, Taehee Lee and Seongho Joe;Others
ICDAR2024_proceedings_pdfs/0058.pdf;Analysis of the Calibration of Handwriting Text Recognition Models;Eric Ayllon, Francisco J Castellanos and Jorge Calvo Zaragoza;Optical Character Recognition
ICDAR2024_proceedings_pdfs/0059.pdf;GraphMLLM: A Graph-based Multi-level Layout Language-independent Model for Document Understanding;He Sen Dai, Xiao Hui Li B, Fei Yin, Xudong Yan, Shuqi Mei and Cheng Lin Liu;Document Layout Understanding
ICDAR2024_proceedings_pdfs/0060.pdf;Multi-Cell Decoder and Mutual Learning for Table Structure and Character Recognition;Takaya Kawakatsu;Tables
ICDAR2024_proceedings_pdfs/0064.pdf;Learning to Kern: Set-wise Estimation of Optimal Letter Space;Kei Nakatsuru and Seiichi Uchida;Optical Character Recognition
ICDAR2024_proceedings_pdfs/0069.pdf;MOoSE: Multi-Orientation Sharing Experts for Open-set Scene Text Recognition;Chang Liu, Simon Corbille and Elisa H Barney Smith;Optical Character Recognition
ICDAR2024_proceedings_pdfs/0071.pdf;Deep Learning-Driven Innovative Model for Generating Functional Knowledge Units;Pan Qiangang, Hu Yahong, Xie Youbai, Meng Xianghui and Zhang Yilun;Key Information Extraction
ICDAR2024_proceedings_pdfs/0074.pdf;One-shot Transformer-based Framework for Visually-Rich Document Understanding;Huynh Vu The Van Pham Hoai and Jeff Yang;Others
ICDAR2024_proceedings_pdfs/0075.pdf;ConClue: Conditional Clue Extraction for Multiple Choice Question Answering⋆;Wangli Yang, Jie Yang, Wanqing Li and Yi Guo;Others
ICDAR2024_proceedings_pdfs/0077.pdf;Progressive Evolution from Single-Point to Polygon for Scene Text;Linger Deng, Mingxin Huang, Xudong Xie, Yuliang Liu, Lianwen Jin and Xiang Bai;Optical Character Recognition
ICDAR2024_proceedings_pdfs/0078.pdf;Test Time Augmentation as a Defense Against Adversarial Attacks on Online Handwriting⋆;Yoh Yamashitaand Brian Kenji Iwana;Optical Character Recognition
ICDAR2024_proceedings_pdfs/0079.pdf;Font Impression Estimation in the Wild;Kazuki Kitajima, Daichi Haraguchi and Seiichi Uchida;Optical Character Recognition
ICDAR2024_proceedings_pdfs/0080.pdf;Typographic Text Generation with Off-the-Shelf Diffusion Model;Khay Tze Peong, Seiichi Uchida and Daichi Haraguchi;Document Layout Understanding
ICDAR2024_proceedings_pdfs/0081.pdf;Multi-task Learning for License Plate Recognition in Unconstrained Scenarios;Zhen Lun Mo, Song Lu Chen, Qi Liu, Feng Chen and Xu Cheng Yin;Optical Character Recognition
ICDAR2024_proceedings_pdfs/0082.pdf;WikiDT: Visual-based Table Recognition and Question Answering Dataset;Hui Shi, Yusheng Xie, Luis Goncalves, Sicun Gao and Jishen Zhao;Tables
ICDAR2024_proceedings_pdfs/0083.pdf;Impression-CLIP: Contrastive Shape-Impression Embedding for Fonts;Yugo Kubota, Daichi Haraguchi and Seiichi Uchida;Optical Character Recognition
ICDAR2024_proceedings_pdfs/0084.pdf;Privacy-Aware Document Visual Question Answering;Ruben Tito, Khanh Nguyen, Marlon Tobaben, Raouf Kerkouche, Mohamed Ali Souibgui, Kangsoo Jung, Joonas Jalko, Vincent Poulain DAndecy, Aurelie Joseph, Lei Kang, Ernest Valveny, Antti Honkela, Mario Fritz and Dimosthenis Karatzas;Others
ICDAR2024_proceedings_pdfs/0086.pdf;Handwritten Document Recognition Using Pre-trained Vision Transformers;Daniel Parres, Dan Anitei and Roberto Paredes;Optical Character Recognition
ICDAR2024_proceedings_pdfs/0089.pdf;Global-SEG: Text Semantic Segmentation Based on Global Semantic Pair Relations;Wenjun Sun, Hanh Thi Hong Tran, Carlos Emiliano Gonzalez Gallardo, Mickael Coustaty and Antoine Doucet;Others
ICDAR2024_proceedings_pdfs/0092.pdf;More and Less: Enhancing Abundance and Refining Redundancy for Text-Prior-Guided Scene Text Image Super-Resolution;Wei Yang, Yihong Luo, Mayire Ibrayim and Askar Hamdulla;Key Information Extraction
ICDAR2024_proceedings_pdfs/0094.pdf;MultimodalAdaptiveInferenceforDocument ImageClassificationwithAnytimeEarlyExiting;Omar Hamed, Souhail Bakkali, Matthew Blaschko Sien Moens, Jordy Van Landeghem;Classification
ICDAR2024_proceedings_pdfs/0095.pdf;ClusterTabNet: Supervised clustering method for table detection and table structure recognition;Marek Polewczyk and Marco Spinaci;Tables
ICDAR2024_proceedings_pdfs/0097.pdf;Reading Order Independent Metrics for Information Extraction in Handwritten Documents;David Villanova Aparisi, Solene Tarride, Carlos D Martnez Hinarejos, Veronica Romero, Christopher Kermorvant and Moises Pastor Gadea;Key Information Extraction
ICDAR2024_proceedings_pdfs/0098.pdf;Controllable Text Layout Generation For Synthesizing Scene Text Image;Huen Chen, Jiangyang He and Anna Zhu;Document Layout Understanding
ICDAR2024_proceedings_pdfs/0100.pdf;Recurrent Few-Shot model for Document Verification⋆;Maxime Talarmain, Carlos Boned, Sanket Biswas and Oriol Ramos Terrades;Optical Character Recognition
ICDAR2024_proceedings_pdfs/0102.pdf;Improving Efficiency and Performance through CTC-based Transformers for Mathematical Expression Recognition;Dan Anitei, Daniel Parres, Joan Andreu Sanchez and Jose Miguel Bened;Optical Character Recognition
ICDAR2024_proceedings_pdfs/0103.pdf;Enhancing Recognition of Historical Musical Pieces with Synthetic and Composed images;Manuel Villarreal and Joan Andreu Sanchez;Optical Character Recognition
ICDAR2024_proceedings_pdfs/0104.pdf;Doc-DINO: A Transformer Model for Complex Logical Document Layout Analysis;Qilin Deng, Mayire Ibrayim, Askar Hamdulla, Hailong Luo and Chunhu Zhang;Document Layout Understanding
ICDAR2024_proceedings_pdfs/0105.pdf;Machine Unlearning for Document Classification;Lei Kang, Mohamed Ali Souibgui, Fei Yang, Lluis Gomez, Ernest Valveny and Dimosthenis Karatzas;Classification
ICDAR2024_proceedings_pdfs/0107.pdf;Multi-PageDocumentVisualQuestionAnsweringusing Self-AttentionScoringMechanism;Lei Kang, Ruben Tito, Ernest Valveny and Dimosthenis Karatzas;Others
ICDAR2024_proceedings_pdfs/0108.pdf;Integrating Dependency Type and Directionality into Adapted Graph Attention Networks to Enhance Relation Extraction;Yiran Zhao, Di Wu, Shuqi Dai and Tong Li;Key Information Extraction
ICDAR2024_proceedings_pdfs/0109.pdf;OnImageProcessingandPatternRecognitionfor ThermogramsofWatermarksinManuscripts –AFirstProof-of-Concept;Dominik Hauser, Matthias Beckmann, Gnther Koliander and HSiegfried Stiehl;Optical Character Recognition
ICDAR2024_proceedings_pdfs/0111.pdf;Historical Astronomical Diagrams Decomposition in Geometric Primitives;Syrine Kalleli, Scott Trigg, Segolene Albouy Matthieu Husson and Mathieu Aubry;Tables
ICDAR2024_proceedings_pdfs/0112.pdf;Improving Retrieval-Based Dialogue Systems: Fine-grained Post-training Prompt Adaptation and Pairwise Optimization Fine-tuning Strategy;Tianqing Zhang, Alimjan Aysa, Li Zhao, Kurban Ubul and Enguang zuo;Classification
ICDAR2024_proceedings_pdfs/0113.pdf;Sheet Music Transformer: End-To-End Optical Music Recognition Beyond Monophonic Transcription;Antonio Ros Vila, Jorge Calvo Zaragoza and Thierry Paquet;Optical Character Recognition
ICDAR2024_proceedings_pdfs/0116.pdf;Janus-faced handwritten signature attack: a clash between a handwritten Signature Duplicator and a writer independent, Metric Meta-Learning Offline Signature Verifier;Alexios Giazitzis, Moises Diaz, Elias N Zois and Miguel A Ferrer;Optical Character Recognition
ICDAR2024_proceedings_pdfs/0117.pdf;RobustHandwrittenSignatureRepresentation withContinualLearningofSyntheticDataover PredefinedRealFeatureSpace;Talles BVianar Victor LFSouzar Adriano LIOliveirar Rafael MO Cruzr and Robert Sabourinr;Datasets
ICDAR2024_proceedings_pdfs/0119.pdf;ICAL: Implicit Character-Aided Learning for Enhanced Handwritten Mathematical Expression Recognition;Jianhua Zhu, Liangcai Gao and Wenqi Zhao;Others
ICDAR2024_proceedings_pdfs/0120.pdf;DocXplain:ANovelModel-Agnostic ExplainabilityMethodforDocumentImage Classiﬁcation⋆;Saifullah Saifullah, Stefan Agne, Andreas Dengel and Sheraz Ahmed;Document Layout Understanding
ICDAR2024_proceedings_pdfs/0121.pdf;HistNERo: Historical Named Entity Recognition for the Romanian Language;Andrei Marius Avram, Andreea Iuga, George Vlad Manolache, Vlad Cristian Matei, Rzvan Gabriel Micliu, Vlad Andrei Muntean, Manuel Petru Sorlescu, Dragos, Andrei S, erban, Adrian Dinu Urse, Vasile Pis and Dumitru Clementin Cercel;Key Information Extraction
ICDAR2024_proceedings_pdfs/0122.pdf;Recognition and Link Prediction of Onomatopoeia Texts with Arbitrary Shapes;Jingtao Ma, Hongxi Wei x and Yiming Wang;Optical Character Recognition
ICDAR2024_proceedings_pdfs/0123.pdf;A New Unsupervised Approach for Text Localization in Shaky and Non-Shaky Scene Video;Arnab Halder, Shivakumara Palaiahnakote, Umapada Pal, Michael Blumenstein and Cheng Lin Liu;Optical Character Recognition
ICDAR2024_proceedings_pdfs/0133.pdf;Context-AwareConfidenceEstimationfor RejectioninHandwrittenChineseText Recognition;Yangyang Liu, Yi Chen, Fei Yin and Cheng Lin Liu;Optical Character Recognition
ICDAR2024_proceedings_pdfs/0134.pdf;Extractive Question Answering with Contrastive Puzzles and Reweighted Clues⋆;Chao Liu, Jie Yang and Wanqing Li;Classification
ICDAR2024_proceedings_pdfs/0136.pdf;Oracle Bone Inscriptions Image Retrieval Based on Metric Learning;Jun Ding, Jiaoyan Wang, Alimjan Aysa, Xuebin Xu and Kurban Ubul;Optical Character Recognition
ICDAR2024_proceedings_pdfs/0140.pdf;Font Style Interpolation with Diffusion Models;Tetta Kondo, Shumpei Takezaki, Daichi Haraguchi and Seiichi Uchida;Document Layout Understanding
ICDAR2024_proceedings_pdfs/0143.pdf;Adaptive Scaling and Refined Pyramid Feature Fusion Network for Scene Text Segmentation;Tian Zuo Li, Heng Zhang B, Xiao Hui Li and Fei Yin;Optical Character Recognition
ICDAR2024_proceedings_pdfs/0144.pdf;CATMuSMedieval:Amultilinguallarge-scale cross-centurydatasetinLatinscriptfor handwrittentextrecognitionandbeyond;Thibault Clrice, Ariane Pinche, Malamatenia Vlachou Efstathiou, Alix Chagu, Jean Baptiste Camps, Matthias Gille Levenson, Olivier Brisville Fertin, Federico Boschetti, Franz Fischer, Michael Gervers, Agns Boutreux, Avery Manton, Simon Gabay, Patricia OConnor, Wouter Haverals, Mike Kestemont Caroline Vandyck and Benjamin Kiessling;Optical Character Recognition
ICDAR2024_proceedings_pdfs/0145.pdf;Document Specular Highlight Removal with Coarse-to-fine Strategy;Xin Yang, Fei Yin, Yan Ming Zhang, Xudong Yan and Tao Xue;Key Information Extraction
ICDAR2024_proceedings_pdfs/0146.pdf;Deep Metric Learning with Cross-Writer Attention for Offline Signature Verification;Lu Rong Ling, Heng Zhang, Fei Yin and Cheng Lin Liu;Optical Character Recognition
ICDAR2024_proceedings_pdfs/0148.pdf;Radical Similarity Based Model Optimization and Post-correction for Chinese Character Recognition;Zhongyuan Han, Jun Du, Mobai Xue, Jiefeng Ma, Pengfei Hu and Zhenrong Zhang;Optical Character Recognition
ICDAR2024_proceedings_pdfs/0153.pdf;EntityLayout: Entity-level Pre-training Language Model for Semantic Entity Recognition and Relation Extraction;Chun Bo Xu, Yi Ming Chen and Cheng Lin Liu;Key Information Extraction
ICDAR2024_proceedings_pdfs/0155.pdf;End-to-end information extraction in handwritten documents: Understanding Paris marriage records from 1880 to 1940;Thomas CONSTUM B, Lucas PREEL, Theo LARCHER, Thierry PAQUET, Pierrick TRANOUEZ and Sandra BREE;Others
ICDAR2024_proceedings_pdfs/0156.pdf;GARDEN: Generative Prior Guided Network for Scene Text Image Super-Resolution;Yuxin Kong, Weihong Ma, Lianwen Jin and Yang Xue;Document Layout Understanding
ICDAR2024_proceedings_pdfs/0158.pdf;ViT-ED: Transformer network for image similarity measurement;Manh Tu VUand Marie BEURTONAIMAR;Optical Character Recognition
ICDAR2024_proceedings_pdfs/0160.pdf;DocTabQA: Answering Questions from Long Documents Using Tables;Haochen Wang, Kai Hu, Haoyu Dong and Liangcai Gao;Tables
ICDAR2024_proceedings_pdfs/0162.pdf;Content-based Similarity for Automatic Scoring of Handwritten Descriptive Answers;Nghia Thanh Truong, Hung Tuan Nguyen, Nam Tuan Ly, Toshihiko Horie, Masaki Nakagawa X;Others
ICDAR2024_proceedings_pdfs/0165.pdf;SPRINT: Script-agnostic Structure Recognition in Tables;Dhruv Kudale, Badri Vishal Kasuba, Venkatapathy Subramanian, Parag Chaudhuri and Ganesh Ramakrishnan;Tables
ICDAR2024_proceedings_pdfs/0166.pdf;Text Line Segmentation on Ancient Egyptian Papyri: Layout Analysis with Object Detection Networks and Connected Components;Stephan M Unter;Optical Character Recognition
ICDAR2024_proceedings_pdfs/0167.pdf;DeepfakeIn-airSignatureVerificationvia Two-channelModel;Hao Yu, Hongxi Wei and Yiming Wang;Optical Character Recognition
ICDAR2024_proceedings_pdfs/0168.pdf;Fully automatic virtual unwrapping method for documents imaged by X-ray tomography;Petr Kulagin, Dmitry Polevoy, Marina Chukalina, Dmitry Nikolaev and Vladimir V Arlazarov;Document Layout Understanding
ICDAR2024_proceedings_pdfs/0169.pdf;Stroke-Level Graph Labeling with Edge-weighted Graph Attention Network for Handwritten Mathematical Expression Recognition;Yejing Xie and Harold Mouchere;Optical Character Recognition
ICDAR2024_proceedings_pdfs/0170.pdf;SlideCraft: Synthetic Slides Generation for Robust Slide Analysis;Travis Seng, Axel Carlier, Thomas Forgione, Vincent Charvillat and Wei Tsang Ooi;Datasets
ICDAR2024_proceedings_pdfs/0172.pdf;The KuiSCIMA Dataset for Optical Music Recognition of Ancient Chinese Suzipu Notation;Tristan Repoluskx and Eduardo Veas;Optical Character Recognition
ICDAR2024_proceedings_pdfs/0173.pdf;Historical Printed Ornaments: Dataset and Tasks;Sayan Kumar Chaki, Zeynep Sonat Baltaci, Elliot Vincent, Remi Emonet, Fabienne Vial Bonacci, Christelle Bahier Porte, Mathieu Aubry and Thierry Fournel;Optical Character Recognition
ICDAR2024_proceedings_pdfs/0176.pdf;Puzzle Pieces Picker: Deciphering Ancient Chinese Characters with Radical Reconstruction;Pengjie Wang, Kaile Zhang, Xinyu Wang, Shengwei Han, Yongge Liu, Lianwen Jin, Xiang Bai and Yuliang Liu;Optical Character Recognition
ICDAR2024_proceedings_pdfs/0177.pdf;The First Swahili Language Scene Text Detection and Recognition Dataset;Fadila Wendigoundi Douamba, Jianjun Song, Ling Fu, Yuliang Liu and Xiang Bai;Optical Character Recognition
ICDAR2024_proceedings_pdfs/0178.pdf;A New Bottom-up Path Augmentation Attention Network for Script Identification in Scene Images;Zhi Pan, Yaowei Yang, Kurban Ubul and Alimjan Aysa;Optical Character Recognition
ICDAR2024_proceedings_pdfs/0180.pdf;BRESSAY: A Brazilian Portuguese Dataset for Offline Handwritten Text Recognition;Arthur F S Neto envee, Byron L D Bezerra, Savio S Araujo, Wiliane M A S Souza Kleberson F Alves, Macileide F Oliveira, Samara V S Lins, Hugo J F Hazin Pedro H V Rocha and Alejandro H Toselli;Optical Character Recognition
ICDAR2024_proceedings_pdfs/0182.pdf;FromHandwritingAnalysistoAlzheimer’s DiseasePrediction:AnExperimentalComparison ofClassifierCombinationMethods;Tiziana DAlessandro, Claudio De Stefano, Francesco Fontanella, Emanuele Nardone and Cesare Davide Pace;Others
ICDAR2024_proceedings_pdfs/0185.pdf;CHIC: Corporate Document for Visual Question Answering;Ibrahim Souleiman Mahamoud, Mickael Coustaty Aurelie Joseph, Vincent Poulain d Andecy and Jean Marc Ogier;Others
ICDAR2024_proceedings_pdfs/0187.pdf;Zipf Curves and Basic Text Analytics from Untranscribed Manuscript Images;Enrique Vidal;Others
ICDAR2024_proceedings_pdfs/0190.pdf;Knowledge Mining of Scene Text for Referring Expression Comprehension;Chenyang Gao, Biao Yang, Wenwen Yu, Yuliang Liu and Xiang Bai;Key Information Extraction
ICDAR2024_proceedings_pdfs/0191.pdf;;;Optical Character Recognition
ICDAR2024_proceedings_pdfs/0199.pdf;LABT: A Sequence-to-Sequence Model for Mongolian Handwritten Text Recognition with Local Aggregation BiLSTM and Transformer;Yu Li, Hongxi Wei and Shiwen Sun;Optical Character Recognition
ICDAR2024_proceedings_pdfs/0201.pdf;KVP10k : A Comprehensive Dataset for Key-Value Pair Extraction in Business Documents;Oshri Naparstek, Ophir Azulai, Inbar Shapira, Elad Amrani, Yevgeny Yaroker, Yevgeny Burshtein, Roi Pony, Nadav Rubinstein, Foad Abo Dahood, Orit Prince, Idan Friedman, Christoph Auer, Nikolaos Livathinos, Maksym Lysak, Ahmed Nassar, Peter Staar and Udi Barzelay;Key Information Extraction
ICDAR2024_proceedings_pdfs/0202.pdf;PCA-Based Adversarial Attacks on Signature Verification Systems;Maham Jahangir, Azka Basit, Muhammad Shahzad Younis and Faisal Shafait;Optical Character Recognition
ICDAR2024_proceedings_pdfs/0204.pdf;CICA: Content-Injected Contrastive Alignment for Zero-Shot Document Image Classification;Sankalp Sinha, Muhammad Saif Ullah Khan, Talha Uddin Sheikh, Didier Stricker and Muhammad Zeshan Afzal;Classification
ICDAR2024_proceedings_pdfs/0205.pdf;LAPDoc: Layout-Aware Prompting for Documents;Marcel Lamott, Yves Noel Weweler, Adrian Ulges, Faisal Shafait, Dirk Krechel and Darko Obradovic;Document Layout Understanding
ICDAR2024_proceedings_pdfs/0210.pdf;A LayoutLMv3-Based Model for Enhanced Relation Extraction in Visually-Rich Documents;Wiam Adnan, Joel Tang, Yassine Bel Khayat Zouggari, Seif Edinne Laatiri, Laurent Lam and Fabien Caspani;Key Information Extraction
ICDAR2024_proceedings_pdfs/0211.pdf;Counting the Corner Cases: Revisiting Robust Reading Challenge Data Sets, Evaluation Protocols, and Metrics;Jerod Weinman, Amelia Gmez Grabowska and Dimosthenis Karatzas;Others
ICDAR2024_proceedings_pdfs/0213.pdf;LatentDiffusionforGuidedDocumentTable Generation;Syed Jawwad Haider Hamdani, Saifullah Saifullah, Stefan Agne, Andreas Dengel and Sheraz Ahmed;Tables
ICDAR2024_proceedings_pdfs/0215.pdf;Information Extraction from Visually Rich Documents using Directed Weighted Graph Neural Network;Hamza Gbada, Karim Kalti and Mohamed Ali Mahjoub;Key Information Extraction
ICDAR2024_proceedings_pdfs/0216.pdf;Coarse-to-Fine Document Image Registration for Dewarping;Weiguang Zhang, Qiufeng Wang, Kaizhu Huang, Xiaomeng Gu and Fengjun Guo;Document Layout Understanding
ICDAR2024_proceedings_pdfs/0218.pdf;An Ultra-Lightweight Approach for Machine Readable Zone Detection via Semantic Segmentation and Fast Hough Transform;Daria Ershova, Alexander Gayer, Alexander Sheshkus and Vladimir V Arlazarov;Optical Character Recognition
ICDAR2024_proceedings_pdfs/0221.pdf;Self-Supervised Vision Transformers for Writer Retrieval;Tim Raven, Arthur Matei and Gernot A Fink;Optical Character Recognition
ICDAR2024_proceedings_pdfs/0229.pdf;Class Incremental Learning for Character String Recognition;Yijie Hu, Yan Ming Zhang, Kaizhu Huang, Qiu Feng Wang;Classification
ICDAR2024_proceedings_pdfs/0232.pdf;Text Enhancement for Historical Handwritten Documents;Reem Alaasam, Boraq Madi and Jihad El Sana;Optical Character Recognition
ICDAR2024_proceedings_pdfs/0237.pdf;DTSM: Toward Dense Table Structure Recognition with Text Query Encoder and Adjacent Feature Aggregator;Xinhong Chen, Bangdong Chen, Chenfan Qu, Dezhi Peng, Chongyu Liu and Lianwen Jin B;Tables
ICDAR2024_proceedings_pdfs/0238.pdf;SynergisticDiversePerspectiveforTopicEvolution AnalysisonWeibo;Tong Zhang, Jianing Zhang and Rong Yan;Key Information Extraction
ICDAR2024_proceedings_pdfs/0239.pdf;ChartReformer: Natural Language-Driven Chart Image Editing;Pengyu Yan, Mahesh Bhosale, Jay Lal, Bikhyat Adhikari and David Doermann;Tables
ICDAR2024_proceedings_pdfs/0243.pdf;Indic Scene Text on the Roadside;Ajoy Mondal, Krishna Tulsyan and C V Jawahar;Optical Character Recognition
ICDAR2024_proceedings_pdfs/0244.pdf;DELINE8K: A Synthetic Data Pipeline for the Semantic Segmentation of Historical Documents;Taylor Archibald and Tony Martinez;Optical Character Recognition
ICDAR2024_proceedings_pdfs/0245.pdf;IndicBART alongside Visual Element: Multimodal Summarization in Diverse Indian Languages;Raghvendra Kumar, Deepak Prakash, Sriparna Saha and Shubham Sharma;Key Information Extraction
ICDAR2024_proceedings_pdfs/0249.pdf;Exploring the Capabilities of Large Multimodal Models on Dense Text;Shuo Zhang, Biao Yang, Zhang Li, Zhiyin Ma, Yuliang Liu B, Xiang Bai;Others
ICDAR2024_proceedings_pdfs/0255.pdf;Cross-Domain Image Conversion by CycleDM;Sho Shimotsumagari, Shumpei Takezaki, Daichi Haraguchi and Seiichi Uchida;Optical Character Recognition
ICDAR2024_proceedings_pdfs/0257.pdf;Embedding Layout in Text for Document Understanding Using Large Language Models;Mohammad Minouei, Mohammad Reza Soheili and Didier Stricker;Document Layout Understanding
ICDAR2024_proceedings_pdfs/0260.pdf;YOLO Assisted A* Algorithm for Robust Line Segmentation of Degraded Document Images;Ahana Kundu and Ujjwal Bhattacharya;Optical Character Recognition
ICDAR2024_proceedings_pdfs/0266.pdf;Multimodal Transformer for Comics Text-Cloze;Emanuele Vivoli, Joan Lafuente Baeza, Ernest Valveny Llobet and Dimosthenis Karatzas;Optical Character Recognition
ICDAR2024_proceedings_pdfs/0270.pdf;Self-training and Active Learning with Pseudo-Relevance Feedback for Handwriting Detection in Historical Print;Jacob Murel and David Smith;Optical Character Recognition
ICDAR2024_proceedings_pdfs/0271.pdf;Recognition of Components in Taoist Charm Images;Ting Wei LIAO and Hsiang An WANG;Optical Character Recognition
ICDAR2024_proceedings_pdfs/0273.pdf;SketchGPT : Autoregressive Modeling for Sketch Generation and Recognition;Adarsh Tiwari, Sanket Biswas and Josep Llados;Optical Character Recognition
ICDAR2024_proceedings_pdfs/0274.pdf;Dataset and Benchmark for Urdu Natural Scenes Text Detection, Recognition and Visual Question Answering;Hiba Maryam, Ling Fu, Jiajun Song, Tajrian ABM Shafayet, Qidi Luo, Xiang Bai and Yuliang Liu;Classification
ICDAR2024_proceedings_pdfs/0275.pdf;Practical End-to-End Optical Music Recognition for Pianoform Music ∗;Jir Mayer, Milan Straka, Jan Hajic jr and Pavel Pecina;Optical Character Recognition
ICDAR2024_proceedings_pdfs/0284.pdf;Callico: a Versatile Open-Source Document Image Annotation Platform;Christopher Kermorvant, Eva Bardou, Manon Blanco and Bastien Abadie;Others
ICDAR2024_proceedings_pdfs/0285.pdf;StylusAI: Stylistic Adaptation for Robust German Handwritten Text Generation;Nauman Riaz, Saifullah Saifullah, Stefan Agne, Andreas Dengel and Sheraz Ahmed;Others
ICDAR2024_proceedings_pdfs/0289.pdf;GeoContrastNet : Contrastive Key-Value Edge Learning for Language-Agnostic Document Understanding;Nil Biescas, Carlos Boned, Josep Llados and Sanket Biswas;Document Layout Understanding
ICDAR2024_proceedings_pdfs/0291.pdf;Enhancing CRNN HTR Architectures with Transformer Blocks;George Retsinas, Konstantina Nikolaidou and Giorgos Sfikas;Optical Character Recognition
ICDAR2024_proceedings_pdfs/0296.pdf;GraphKD: Exploring Knowledge Distillation Towards Document Object Detection with Structured Graph Creation;Ayan Banerjee, Sanket Biswas, Josep Llados and Umapada Pal;Document Layout Understanding
ICDAR2024_proceedings_pdfs/0316.pdf;Federated Document Visual Question Answering: A Pilot Study;Khanh Nguyen and Dimosthenis Karatzas;Others
ICDAR2024_proceedings_pdfs/0318.pdf;Are Layout Analysis and OCR Still Useful for Document Information Extraction using Foundation Models?;Anna Scius Bertrand, Atefeh Fakhari, Lars Vogtlin, Daniel Ribeiro Cabral and Andreas Fischer;Document Layout Understanding
ICDAR2024_proceedings_pdfs/0323.pdf;Clustering Running Titles to Understand the Printing of Early Modern Books;Nikolai Vogler, Kartik Goyal, Samuel V Lemley, DJ Schuldt, Christopher N Warren, Max GSell and Taylor Berg Kirkpatrick;Others
ICDAR2024_proceedings_pdfs/C01.pdf;ICDAR 2024 Competition on Artistic Text Recognition;Xudong Xie, Linger Deng, Zhifei Zhang, Zhaowen Wang and Yuliang Liu;Optical Character Recognition
ICDAR2024_proceedings_pdfs/C02.pdf;ICDAR 2024 Competition on Few-Shot and Many-Shot Layout Segmentation of Ancient Manuscripts (SAM);Silvia Zottin, Axel De Nardin, Gian Luca Foresti, Emanuela Colombi and Claudio Piciarelli;Optical Character Recognition
ICDAR2024_proceedings_pdfs/C03.pdf;ICDAR 2024 Competition on Handwriting Recognition of Historical Ciphers;Alicia Forns, Jialuo Chen, Pau Torras Beta Megyesi, Michelle Waldisphl, Nils Kopal and George Lasry;Optical Character Recognition
ICDAR2024_proceedings_pdfs/C04.pdf;ICDAR 2024 Competition on Handwritten Text Recognition in Brazilian Essays – BRESSAY;Arthur F S Neto envee, Byron L D Bezerra, Savio S Araujo, Wiliane M A S Souza Kleberson F Alves, Macileide F Oliveira, Samara V S Lins, Hugo J F Hazin Pedro H V Rocha and Alejandro H Toselli;Optical Character Recognition
ICDAR2024_proceedings_pdfs/C05.pdf;ICDAR 2024 Competition on Historical Map Text Detection, Recognition, and Linking;Zekun Li, Yijun Lin, Yao Yi Chiang, Jerod Weinman, Solenn Tual, Joseph Chazalon, Julien Perret, Bertrand Dumenieu and Nathalie Abadie;Others
ICDAR2024_proceedings_pdfs/C06.pdf;ICDAR 2024 Competition on Multi Font Group Recognition and OCR;Jannevander Loop Florian Kordon, Martin Mayr Vincent Christlein, Fei Wu, Dalia Rodrguez Salas, Nikolaus Weichselbaumer and Mathias Seuret;Optical Character Recognition
ICDAR2024_proceedings_pdfs/C07.pdf;ICDAR 2024 Competition on Recognition of Chemical Structures;Mingjun Chen, Hao Wu, Qikai Chang, Hanbo Cheng, Jiefeng Ma, Pengfei Hu Zhenrong Zhang, Chenyu Liu, Changpeng Pi, Jinshui Hu Baocai Yin, Bing Yin, Cong Liu and Jun Du B;Optical Character Recognition
ICDAR2024_proceedings_pdfs/C08.pdf;ICDAR 2024 Competition on Reading Documents Through Aria Glasses;Soumya Shamarao Jahagirdar, Ajoy Mondal, Yuheng Carl Ren, Omkar M Parkhi and C V Jawahar;Optical Character Recognition
ICDAR2024_proceedings_pdfs/C09.pdf;ICDAR 2024 Competition on Recognition and VQA on Handwritten Documents;Ajoy Mondal, Vijay Mahadevan, R Manmatha and C V Jawahar;Others
